Transaction Date,Post Date,Description,Category,Type,Amount,Memo
02/27/2022,02/28/2022,BENEVITY DONATIONS,Gifts & Donations,Sale,-25.00,
02/27/2022,02/28/2022,BENEVITY DONATIONS,Gifts & Donations,Sale,-20.00,
02/27/2022,02/28/2022,AMZN Mktp US*1I4S82NA2,Shopping,Sale,-7.43,
02/27/2022,02/28/2022,Amazon.com*1I3HD0NS2,Shopping,Sale,-19.99,
02/27/2022,02/28/2022,BENEVITY DONATIONS,Gifts & Donations,Sale,-20.00,
02/27/2022,02/28/2022,BENEVITY DONATIONS,Gifts & Donations,Sale,-100.00,
02/26/2022,02/27/2022,WALGREENS #17166,Health & Wellness,Sale,-24.72,
02/26/2022,02/27/2022,MICHAELS STORES 1239,Shopping,Sale,-59.56,
02/25/2022,02/27/2022,CVS/PHARMACY #00973,Health & Wellness,Sale,-34.50,
02/25/2022,02/27/2022,PHR*DermatologyAssociates,Health & Wellness,Sale,-200.00,
02/26/2022,02/27/2022,LOWES #02375*,Home,Sale,-33.30,
02/24/2022,02/25/2022,MARKET BASKET 00000877,Groceries,Sale,-81.74,
02/23/2022,02/25/2022,GRABULL INC,Food & Drink,Sale,-45.73,
02/23/2022,02/24/2022,AMZN Mktp US*1I7UY0TB0,Shopping,Sale,-29.73,
02/23/2022,02/24/2022,Amazon.com*1I4ZE8Q61,Shopping,Sale,-17.07,
02/22/2022,02/23/2022,WAL-MART #1970,Groceries,Sale,-4.08,
02/22/2022,02/23/2022,INNOVATIONS HAIR SAL,Personal,Sale,-66.00,
02/22/2022,02/22/2022,AMZN Mktp US*ZO9OW7NT3,Shopping,Sale,-97.05,
02/21/2022,02/21/2022,AMZN Mktp US*1B3TM8U90,Shopping,Sale,-182.98,
02/19/2022,02/20/2022,BEST BUY MHT  00008201,Shopping,Sale,-126.41,
02/18/2022,02/20/2022,IDYLWILDE FARMS INC,Groceries,Sale,-80.93,
02/16/2022,02/18/2022,SHAWS OSCO 2584,Groceries,Sale,-28.87,
02/16/2022,02/17/2022,CVS/PHARMACY #00973,Health & Wellness,Sale,-1.80,
02/16/2022,02/17/2022,BJS FUEL #9209,Gas,Sale,-43.70,
02/16/2022,02/17/2022,BJS WHOLESALE #0209,Shopping,Sale,-157.92,
02/15/2022,02/16/2022,MICHAELS STORES 1239,Shopping,Sale,-23.09,
02/15/2022,02/16/2022,MARKET BASKET 00000737,Groceries,Sale,-33.42,
02/13/2022,02/14/2022,EVVIVA TRATTORIA MAYNARD,Food & Drink,Sale,-26.20,
02/13/2022,02/14/2022,EVVIVA TRATTORIA MAYNARD,Food & Drink,Sale,-41.63,
02/13/2022,02/14/2022,110 GRILL MAYNARD,Food & Drink,Sale,-18.10,
02/11/2022,02/14/2022,GRABULL INC,Food & Drink,Sale,-83.61,
02/13/2022,02/14/2022,Microsoft*OneDrive Standa,Shopping,Sale,-1.99,
02/12/2022,02/14/2022,MARKET BASKET 00000877,Groceries,Sale,-8.58,
02/10/2022,02/13/2022,SHAWS OSCO 2584,Groceries,Sale,-86.41,
02/12/2022,02/13/2022,LinkedIn 7549211334,Bills & Utilities,Sale,-31.86,
02/12/2022,02/13/2022,LOWES #02375*,Home,Sale,-28.09,
02/11/2022,02/13/2022,SHAWS OSCO 2584,Groceries,Sale,-36.33,
02/10/2022,02/11/2022,AMZN Mktp US*BA90Z8VB3,Shopping,Sale,-5.30,
02/10/2022,02/11/2022,AMZN Mktp US*H07B04M23,Shopping,Sale,-25.49,
02/11/2022,02/11/2022,Payment Thank You - Bill,,Payment,4678.50,
02/09/2022,02/10/2022,AMZN Mktp US*E46405HY3,Shopping,Sale,-112.90,
02/09/2022,02/10/2022,Western Digital,Shopping,Sale,-637.48,
02/08/2022,02/10/2022,SHAWS OSCO 2584,Groceries,Sale,-42.46,
02/08/2022,02/10/2022,GRABULL INC,Food & Drink,Sale,-60.82,
02/09/2022,02/09/2022,AMZN Mktp US*UR9V179B3,Shopping,Sale,-48.85,
02/08/2022,02/09/2022,USPS PO 2479390775,Shopping,Sale,-8.95,
02/06/2022,02/08/2022,THE HOME DEPOT #2607,Home,Sale,-394.15,
02/07/2022,02/08/2022,AMZN Mktp US*B41VB5IO3,Shopping,Sale,-77.87,
02/06/2022,02/07/2022,Amazon.com*NC6KP7KN3,Shopping,Sale,-63.68,
02/04/2022,02/06/2022,AMZN Mktp US*9C2Z932S3,Shopping,Sale,-23.36,
02/05/2022,02/06/2022,BJS WHOLESALE #0209,Shopping,Sale,-264.48,
02/05/2022,02/06/2022,AMZN Mktp US*YA7BD33Z3,Shopping,Sale,-231.40,
02/05/2022,02/06/2022,AMZN Mktp US*5L3XC8LZ3,Shopping,Sale,-60.55,
02/04/2022,02/06/2022,AMZN Mktp US*GJ4PB2HJ3,Shopping,Sale,-6.84,
02/05/2022,02/06/2022,BJS FUEL #9209,Gas,Sale,-57.84,
02/03/2022,02/04/2022,AMZN Mktp US*MZ5QT9A23,Shopping,Sale,-95.61,
02/03/2022,02/04/2022,AMZN Mktp US*U90CT76H3,Shopping,Sale,-6.50,
02/02/2022,02/04/2022,GRABULL INC,Food & Drink,Sale,-55.70,
02/01/2022,02/03/2022,GRABULL INC,Food & Drink,Sale,-77.35,
02/02/2022,02/03/2022,AMZN Mktp US*KD9492PO3,Shopping,Sale,-7.43,
02/02/2022,02/03/2022,WGBH,Gifts & Donations,Sale,-75.00,
02/02/2022,02/03/2022,AMZN Mktp US*243QH9Z53,Shopping,Sale,-81.74,
02/01/2022,02/03/2022,SHAWS OSCO 2584,Groceries,Sale,-91.19,
02/02/2022,02/03/2022,EVVIVA TRATTORIA MAYNARD,Food & Drink,Sale,-30.20,
02/01/2022,02/02/2022,MICHAELS STORES 1239,Shopping,Sale,-50.09,
01/31/2022,02/01/2022,USPS PO 2444710754,Shopping,Sale,-8.95,
01/31/2022,02/01/2022,SQ *WIRED ELECTRICAL CONT,Home,Sale,-49.00,
01/28/2022,01/31/2022,GRABULL INC,Food & Drink,Sale,-47.66,
01/27/2022,01/30/2022,SHAWS OSCO 2584,Groceries,Sale,-43.94,
01/28/2022,01/30/2022,SHAWS OSCO 2584,Groceries,Sale,-51.84,
01/28/2022,01/30/2022,ACTON FORD,Automotive,Sale,-52.79,
01/27/2022,01/28/2022,BENEVITY DONATIONS,Gifts & Donations,Sale,-25.00,
01/26/2022,01/28/2022,SHAWS OSCO 2584,Groceries,Sale,-54.68,
01/27/2022,01/28/2022,BENEVITY DONATIONS,Gifts & Donations,Sale,-100.00,
01/27/2022,01/28/2022,BENEVITY DONATIONS,Gifts & Donations,Sale,-20.00,
01/27/2022,01/28/2022,BENEVITY DONATIONS,Gifts & Donations,Sale,-20.00,
01/27/2022,01/28/2022,HUDSON ROAD AUTOMOTIVE,Automotive,Sale,-294.57,
01/27/2022,01/28/2022,338213 LOYAL COMPANION,Shopping,Sale,-12.21,
01/26/2022,01/27/2022,AMZN Mktp US*QA9Y87Y93,Shopping,Sale,-7.86,
01/26/2022,01/27/2022,CVS/PHARMACY #00973,Health & Wellness,Sale,-19.90,
01/25/2022,01/26/2022,USPS PO 2479390775,Shopping,Sale,-8.95,
01/24/2022,01/25/2022,EMERSON HOSPITAL PARKING,Travel,Sale,-7.00,
01/24/2022,01/25/2022,CVS/PHARMACY #00706,Health & Wellness,Sale,-56.90,
01/24/2022,01/25/2022,USPS PO 2400510720,Shopping,Sale,-8.95,
01/24/2022,01/25/2022,ROCHE BROTHERS112,Groceries,Sale,-64.97,
01/23/2022,01/24/2022,TARGET        00025700,Shopping,Sale,-61.11,
01/21/2022,01/24/2022,GRABULL INC,Food & Drink,Sale,-47.05,
01/21/2022,01/23/2022,AMZN Mktp US*CJ3CJ7NK3,Shopping,Sale,-37.18,
01/22/2022,01/23/2022,AMZN Mktp US*OA58G3QL3,Shopping,Sale,-66.64,
01/22/2022,01/23/2022,LANDS END,Shopping,Sale,-5.39,
01/21/2022,01/23/2022,PAYPAL *DEPALOCOFFE,Groceries,Sale,-79.90,
01/22/2022,01/23/2022,AMZN Mktp US*WY0Z72GP3,Shopping,Sale,-50.46,
01/20/2022,01/21/2022,AMZN Mktp US*7X7648TZ3,Shopping,Sale,-22.00,
01/20/2022,01/21/2022,AMZN Mktp US*YG3ZL3A83,Shopping,Sale,-95.61,
01/19/2022,01/21/2022,SHAWS OSCO 2584,Groceries,Sale,-33.41,
01/21/2022,01/21/2022,AMZN Mktp US*H85GB2623,Shopping,Sale,-161.50,
01/17/2022,01/19/2022,SHAWS OSCO 2584,Groceries,Sale,-46.19,
01/18/2022,01/19/2022,BJS FUEL #9209,Gas,Sale,-35.08,
01/18/2022,01/19/2022,BJS WHOLESALE #0209,Shopping,Sale,-124.57,
01/17/2022,01/18/2022,TIGERCHEF,Home,Sale,-24.82,
01/15/2022,01/17/2022,SHAWS OSCO 2584,Groceries,Sale,-71.11,
01/16/2022,01/17/2022,LOWES #02375*,Home,Sale,-210.35,
01/16/2022,01/17/2022,LOWES #02375*,Home,Return,71.19,
01/14/2022,01/16/2022,INNOVATIONS HAIR SAL,Personal,Sale,-66.00,
01/13/2022,01/16/2022,SHAWS OSCO 2584,Groceries,Sale,-59.42,
01/13/2022,01/14/2022,EVVIVA TRATTORIA MAYNARD,Food & Drink,Sale,-51.96,
01/13/2022,01/14/2022,RED GINGER,Food & Drink,Sale,-44.92,
01/12/2022,01/13/2022,LinkedIn 7442799864,Bills & Utilities,Sale,-31.86,
01/13/2022,01/13/2022,Microsoft*OneDrive Standa,Shopping,Sale,-1.99,
01/10/2022,01/12/2022,SHAWS OSCO 2584,Groceries,Sale,-153.76,
01/11/2022,01/11/2022,ELEC SUPPLI,Home,Sale,-19.85,
01/10/2022,01/11/2022,MARKET BASKET 00000877,Groceries,Sale,-12.81,
01/10/2022,01/11/2022,COVERSANDALL,Home,Sale,-186.73,
01/11/2022,01/11/2022,LANDS END,Shopping,Sale,-134.75,
01/11/2022,01/11/2022,Payment Thank You - Bill,,Payment,5345.93,
01/08/2022,01/10/2022,SHAWS OSCO 2584,Groceries,Sale,-36.22,
01/07/2022,01/09/2022,GULF OIL 92033926,Gas,Sale,-51.78,
01/04/2022,01/06/2022,BJS WHOLESALE CLUB,Shopping,Sale,-31.86,
01/02/2022,01/04/2022,GENUINE REPLACEMENT PARTS,Home,Sale,-102.50,
12/31/2021,01/02/2022,EVVIVA TRATTORIA MAYNARD,Food & Drink,Sale,-138.66,
12/29/2021,12/31/2021,SHAWS OSCO 2584,Groceries,Sale,-132.03,
12/29/2021,12/30/2021,BJS FUEL #9209,Gas,Sale,-36.51,
12/30/2021,12/30/2021,JPAULJONES  L.P.,Shopping,Sale,-180.73,
12/29/2021,12/30/2021,BJS WHOLESALE #0209,Shopping,Sale,-47.82,
12/29/2021,12/30/2021,BJS WHOLESALE CLUB,Shopping,Sale,-104.19,
12/29/2021,12/30/2021,BJS WHOLESALE CLUB,Shopping,Sale,-78.58,
12/28/2021,12/29/2021,CVS/PHARMACY #00706,Health & Wellness,Sale,-35.88,
12/28/2021,12/29/2021,Amazon.com*5V0IZ1023,Shopping,Sale,-7.00,
12/28/2021,12/29/2021,TJ MAXX #400,Shopping,Sale,-47.15,
12/28/2021,12/29/2021,AMZN Mktp US*AI9NV7DJ3,Shopping,Sale,-44.67,
12/27/2021,12/28/2021,BENEVITY DONATIONS,Gifts & Donations,Sale,-100.00,
12/27/2021,12/28/2021,BENEVITY DONATIONS,Gifts & Donations,Sale,-20.00,
12/27/2021,12/28/2021,BENEVITY DONATIONS,Gifts & Donations,Sale,-25.00,
12/27/2021,12/28/2021,BENEVITY DONATIONS,Gifts & Donations,Sale,-20.00,
12/27/2021,12/28/2021,AUBUCHON HARDWARE,Home,Sale,-3.49,
12/26/2021,12/27/2021,MICHAELS STORES 1239,Shopping,Sale,-57.25,
12/26/2021,12/27/2021,LOWES #02375*,Home,Sale,-20.75,
12/24/2021,12/26/2021,STAPLES       00115253,Shopping,Sale,-16.97,
12/24/2021,12/26/2021,VANILLAGIFT.COM,Shopping,Sale,-100.00,
12/23/2021,12/26/2021,SHAWS OSCO 2584,Groceries,Sale,-115.60,
12/23/2021,12/26/2021,CVS/PHARMACY #00973,Health & Wellness,Sale,-57.13,
12/24/2021,12/26/2021,SHAWS OSCO 2584,Groceries,Sale,-73.71,
12/24/2021,12/26/2021,MICHAELS STORES 1239,Shopping,Sale,-9.08,
12/23/2021,12/26/2021,USPS PO 2479390775,Shopping,Sale,-34.32,
12/23/2021,12/26/2021,IDYLWILDE FARMS INC,Groceries,Sale,-71.10,
12/24/2021,12/26/2021,BED BATH &amp; BEYOND 1414,Home,Sale,-16.99,
12/23/2021,12/24/2021,MAYNARD OUTDOOR STORE INC,Shopping,Sale,-330.70,
12/23/2021,12/24/2021,110 GRILL MAYNARD,Food & Drink,Sale,-48.07,
12/23/2021,12/24/2021,MARKET BASKET 00000877,Groceries,Sale,-13.91,
12/21/2021,12/23/2021,STAPLES       00102467,Shopping,Sale,-48.38,
12/19/2021,12/23/2021,MAYNARD OUTDOOR STORE INC,Shopping,Return,34.95,
12/21/2021,12/23/2021,SHAWS OSCO 2584,Groceries,Sale,-19.81,
12/22/2021,12/22/2021,AMZN Mktp US*K854C8ZR3,Shopping,Sale,-197.60,
12/20/2021,12/22/2021,STAPLES       00115253,Shopping,Sale,-60.33,
12/21/2021,12/22/2021,MCDONALD'S F4857,Food & Drink,Sale,-4.80,
12/20/2021,12/22/2021,STAPLES       00115253,Shopping,Sale,-2.61,
12/21/2021,12/22/2021,LOWES #01858*,Home,Sale,-10.87,
12/20/2021,12/21/2021,NAME-CHEAP.COM* Q5BET7,Professional Services,Sale,-28.32,
12/19/2021,12/21/2021,SHAWS OSCO 2584,Groceries,Sale,-113.27,
12/20/2021,12/21/2021,AMZN Mktp US*UE8TB23O3,Shopping,Sale,-72.22,
12/20/2021,12/20/2021,LANDS END,Shopping,Return,180.28,
12/20/2021,12/20/2021,LANDS END,Shopping,Return,32.97,
12/18/2021,12/20/2021,EXXONMOBIL    97442933,Gas,Sale,-46.18,
12/18/2021,12/20/2021,STAPLES DIRECT,Shopping,Sale,-35.69,
12/19/2021,12/20/2021,MAYNARD OUTDOOR STORE INC,Shopping,Sale,-74.95,
12/19/2021,12/20/2021,TST* FRANK PEPE S PIZZERI,Food & Drink,Sale,-29.69,
12/17/2021,12/19/2021,BENEVITY DONATIONS,Gifts & Donations,Sale,-150.00,
12/17/2021,12/19/2021,CVS/PHARMACY #00973,Health & Wellness,Sale,-66.92,
12/18/2021,12/19/2021,LANDS END BURLINGTO 813,Shopping,Sale,-77.33,
12/18/2021,12/19/2021,MAYNARD OUTDOOR STORE INC,Shopping,Sale,-337.65,
12/18/2021,12/19/2021,ERIKSON GRAIN MILL,Shopping,Sale,-11.31,
12/17/2021,12/19/2021,USPS PO 2479390775,Shopping,Sale,-20.15,
12/17/2021,12/19/2021,SHAWS OSCO 2584,Groceries,Sale,-37.72,
12/18/2021,12/19/2021,AMZN Mktp US*5B0BQ0273,Shopping,Sale,-49.81,
12/16/2021,12/17/2021,110 GRILL MAYNARD,Food & Drink,Sale,-49.07,
12/16/2021,12/17/2021,AMZN Mktp US*753NR8YN3,Shopping,Sale,-28.68,
12/16/2021,12/17/2021,USPS PO 2479390775,Shopping,Sale,-22.85,
12/16/2021,12/17/2021,INTERSHELL SEAFOOD,Groceries,Sale,-306.00,
12/15/2021,12/16/2021,BJS FUEL #9209,Gas,Sale,-62.39,
12/14/2021,12/16/2021,SHAWS OSCO 2584,Groceries,Sale,-113.82,
12/13/2021,12/14/2021,WNYC WQXR NJPR NYPR RADIO,Gifts & Donations,Sale,-5.00,
12/13/2021,12/14/2021,110 GRILL MAYNARD,Food & Drink,Sale,-47.07,
12/12/2021,12/13/2021,LINKEDIN-643*4778966,Bills & Utilities,Sale,-31.86,
12/11/2021,12/13/2021,MARKET BASKET 00000737,Groceries,Sale,-10.28,
12/12/2021,12/13/2021,PIZZARELLA,Food & Drink,Sale,-30.92,
12/13/2021,12/13/2021,Microsoft,Shopping,Sale,-1.99,
12/12/2021,12/13/2021,EVVIVA TRATTORIA MAYNARD,Food & Drink,Sale,-24.54,
12/12/2021,12/13/2021,MICHAELS STORES 1239,Shopping,Sale,-43.62,
12/12/2021,12/13/2021,LOWES #02375*,Home,Sale,-41.43,
12/10/2021,12/12/2021,RED GINGER,Food & Drink,Sale,-94.74,
12/09/2021,12/12/2021,SHAWS OSCO 2584,Groceries,Sale,-74.08,
12/11/2021,12/12/2021,BJS FUEL #9209,Gas,Sale,-54.61,
12/09/2021,12/12/2021,ACTON PHARMACY,Health & Wellness,Sale,-41.44,
12/09/2021,12/12/2021,IDYLWILDE FARMS INC,Groceries,Sale,-31.08,
12/09/2021,12/10/2021,Amazon.com*JA8S85BN3,Shopping,Sale,-58.63,
12/10/2021,12/10/2021,Payment Thank You - Bill,,Payment,3691.39,
12/07/2021,12/09/2021,SHAWS OSCO 2584,Groceries,Sale,-63.87,
12/06/2021,12/07/2021,AMZN Mktp US*LZ9EU0C93,Shopping,Sale,-153.86,
12/03/2021,12/05/2021,Wikimedia 877 600 9454,Gifts & Donations,Sale,-5.35,
12/02/2021,12/05/2021,SHAWS OSCO 2584,Groceries,Sale,-95.17,
12/04/2021,12/05/2021,LOWES #02375*,Home,Sale,-37.08,
12/03/2021,12/05/2021,USPS PO 2479390775,Shopping,Sale,-9.30,
12/02/2021,12/03/2021,PAYPAL *DEPALOCOFFE,Groceries,Sale,-79.90,
12/02/2021,12/03/2021,KENNEDYS MARKET,Groceries,Sale,-208.92,
12/02/2021,12/02/2021,eBay O*26-07944-31272,Shopping,Sale,-23.36,
12/01/2021,12/02/2021,110 GRILL MAYNARD,Food & Drink,Sale,-48.57,
11/30/2021,12/01/2021,AMZN Mktp US*747OH9KO3,Shopping,Sale,-10.06,
11/29/2021,12/01/2021,SHAWS OSCO 2584,Groceries,Sale,-33.04,
11/29/2021,11/30/2021,AUBUCHON HARDWARE,Home,Sale,-35.88,
11/29/2021,11/29/2021,AMZN Mktp US*P454E9GS3,Shopping,Sale,-30.58,
11/27/2021,11/29/2021,PANERA BREAD #202123 P,Food & Drink,Sale,-31.40,
11/27/2021,11/29/2021,Sudbury Park and Recreati,Bills & Utilities,Sale,-8.00,
11/28/2021,11/29/2021,GULF OIL 92033926,Gas,Sale,-15.19,
11/27/2021,11/28/2021,BENEVITY DONATIONS,Gifts & Donations,Sale,-20.00,
11/27/2021,11/28/2021,BENEVITY DONATIONS,Gifts & Donations,Sale,-20.00,
11/26/2021,11/28/2021,MICHAELS STORES 1239,Shopping,Sale,-61.37,
11/26/2021,11/28/2021,LOWES #00907*,Home,Sale,-159.33,
11/27/2021,11/28/2021,BENEVITY DONATIONS,Gifts & Donations,Sale,-25.00,
11/27/2021,11/28/2021,BENEVITY DONATIONS,Gifts & Donations,Sale,-100.00,
11/27/2021,11/28/2021,LOWES #02375*,Home,Sale,-24.42,
11/26/2021,11/28/2021,SP * KUHN RIKON SHOP,Home,Sale,-46.67,
11/23/2021,11/25/2021,SHAWS OSCO 2584,Groceries,Sale,-20.27,
11/24/2021,11/25/2021,MARKET BASKET 00000877,Groceries,Sale,-56.26,
11/23/2021,11/25/2021,HOMEDEPOT.COM,Home,Sale,-18.70,
11/23/2021,11/25/2021,IDYLWILDE FARMS INC,Groceries,Sale,-76.72,
11/23/2021,11/25/2021,SHAWS OSCO 2584,Groceries,Sale,-73.56,
11/23/2021,11/24/2021,AMZN Mktp US*Y96VX4AD3,Shopping,Sale,-18.08,
11/23/2021,11/24/2021,AMZN Mktp US*908MZ43A3,Shopping,Sale,-20.17,
11/23/2021,11/24/2021,HONEY POT HILL ORCHARD,Food & Drink,Sale,-21.25,
11/23/2021,11/24/2021,EBAY.COM/CC,Personal,Sale,-2.59,
11/23/2021,11/24/2021,LOWES #02375*,Home,Sale,-10.56,
11/23/2021,11/24/2021,eBay O*09-07906-68007,Shopping,Sale,-10.63,
11/19/2021,11/22/2021,Sudbury Park and Recreati,Bills & Utilities,Sale,-8.00,
11/20/2021,11/22/2021,HONEY POT HILL ORCHARD,Food & Drink,Sale,-22.00,
11/20/2021,11/21/2021,AMZN Mktp US*BP6S05J03,Shopping,Sale,-40.32,
11/20/2021,11/21/2021,LOWES #02375*,Home,Sale,-17.70,
11/19/2021,11/21/2021,Samsung,Shopping,Sale,-1963.48,
11/18/2021,11/21/2021,EXXONMOBIL    97442933,Gas,Sale,-65.32,
11/19/2021,11/21/2021,INNOVATIONS HAIR SAL,Personal,Sale,-66.00,
11/20/2021,11/21/2021,Microsoft,Shopping,Sale,-1.99,
11/20/2021,11/21/2021,GIGI'S RESTAURANT,Food & Drink,Sale,-89.12,
11/20/2021,11/21/2021,MICHAELS STORES 1239,Shopping,Sale,-39.90,
11/18/2021,11/19/2021,WHOLEFDS HGM 10159,Groceries,Sale,-43.19,
11/19/2021,11/19/2021,LANDS END,Shopping,Sale,-247.96,
11/19/2021,11/19/2021,LANDS END,Shopping,Sale,-180.28,
11/18/2021,11/19/2021,MCDONALD'S F1795,Food & Drink,Sale,-9.91,
11/17/2021,11/19/2021,Sudbury Park and Recreati,Bills & Utilities,Sale,-8.00,
11/17/2021,11/18/2021,MARKET BASKET 00000877,Groceries,Sale,-73.84,
11/16/2021,11/17/2021,TINGLEY ELECTRIC SERVICE,Home,Sale,-89.00,
11/16/2021,11/17/2021,GIGI'S RESTAURANT,Food & Drink,Sale,-34.58,
11/13/2021,11/15/2021,THE HOME DEPOT 2607,Home,Sale,-41.74,
11/13/2021,11/15/2021,SHAWS OSCO 2584,Groceries,Sale,-37.20,
11/12/2021,11/14/2021,LINKEDIN-701*1361983,Bills & Utilities,Sale,-31.86,
11/13/2021,11/14/2021,WNYC WQXR NJPR NYPR RADIO,Gifts & Donations,Sale,-5.00,
11/13/2021,11/14/2021,BJS FUEL #9209,Gas,Sale,-100.00,
11/13/2021,11/14/2021,110 GRILL MAYNARD,Food & Drink,Sale,-49.07,
11/12/2021,11/14/2021,PAYPAL *DEPALOCOFFE,Groceries,Sale,-79.90,
11/13/2021,11/14/2021,LOWES #02375*,Home,Sale,-10.18,
11/10/2021,11/12/2021,Sudbury Park and Recreati,Bills & Utilities,Sale,-8.00,
11/11/2021,11/12/2021,WECK JARS,Shopping,Sale,-76.26,
11/10/2021,11/11/2021,AMZN Mktp US*1W7G505Q3,Shopping,Sale,-18.48,
11/09/2021,11/10/2021,BJS FUEL #9209,Gas,Sale,-58.24,
11/08/2021,11/10/2021,Sudbury Park and Recreati,Bills & Utilities,Sale,-8.00,
11/10/2021,11/10/2021,Payment Thank You - Bill,,Payment,2617.26,
11/09/2021,11/10/2021,BJS WHOLESALE #0209,Shopping,Sale,-96.88,
11/08/2021,11/09/2021,WWW.ADVANCEAUTOPARTS,Automotive,Sale,-10.08,
11/06/2021,11/08/2021,SHAWS OSCO 2584,Groceries,Sale,-79.85,
11/06/2021,11/08/2021,SHAWS OSCO 2584,Groceries,Sale,-32.35,
11/06/2021,11/07/2021,Etsy.com - CapellaDesignU,Shopping,Sale,-25.40,
11/04/2021,11/07/2021,GRABULL INC,Food & Drink,Sale,-53.99,
11/05/2021,11/07/2021,GIGI'S RESTAURANT,Food & Drink,Sale,-42.97,
11/06/2021,11/07/2021,THE GEEK PUB,Shopping,Sale,-6.99,
11/04/2021,11/05/2021,AMZN Mktp US*GN62T0NS3,Shopping,Sale,-23.05,
11/04/2021,11/05/2021,AMZN Mktp US*OK0083CP3,Shopping,Sale,-5.90,
11/04/2021,11/05/2021,AMZN Mktp US*3R0KZ33X3,Shopping,Sale,-10.14,
11/04/2021,11/05/2021,110 GRILL MAYNARD,Food & Drink,Sale,-31.75,
11/03/2021,11/05/2021,SHAWS OSCO 2584,Groceries,Sale,-70.65,
11/03/2021,11/04/2021,Wikimedia 877 600 9454,Gifts & Donations,Sale,-5.35,
11/02/2021,11/04/2021,AUTO MACHINE SERVICE,Automotive,Sale,-6.68,
11/01/2021,11/03/2021,FILTERS FAST,Shopping,Sale,-88.47,
11/02/2021,11/03/2021,USPS PO 2479390775,Shopping,Sale,-9.30,
10/31/2021,11/02/2021,SHAWS OSCO 2584,Groceries,Sale,-106.79,
10/31/2021,11/01/2021,AMZN Mktp US*RT6PP7OG3,Shopping,Sale,-10.40,
10/29/2021,11/01/2021,GRABULL INC,Food & Drink,Sale,-25.00,
10/28/2021,10/31/2021,EL HUIPIL MEXICAN RESTAUR,Food & Drink,Sale,-55.87,
10/30/2021,10/31/2021,RMV E-SERVICES,Bills & Utilities,Sale,-20.00,
10/29/2021,10/31/2021,MARKET BASKET 00000877,Groceries,Sale,-11.99,
10/29/2021,10/29/2021,AMZN Mktp US*SY9T88Q23,Shopping,Sale,-18.05,
10/28/2021,10/29/2021,AMZN Mktp US*BI9QI5ST3,Shopping,Sale,-31.86,
10/28/2021,10/29/2021,WHOLEFDS HGM 10159,Groceries,Sale,-33.09,
10/27/2021,10/28/2021,BENEVITY DONATIONS,Gifts & Donations,Sale,-20.00,
10/27/2021,10/28/2021,BENEVITY DONATIONS,Gifts & Donations,Sale,-25.00,
10/27/2021,10/28/2021,BENEVITY DONATIONS,Gifts & Donations,Sale,-100.00,
10/27/2021,10/28/2021,BENEVITY DONATIONS,Gifts & Donations,Sale,-20.00,
10/26/2021,10/27/2021,MARKET BASKET 00000877,Groceries,Sale,-113.39,
10/22/2021,10/26/2021,THE HOME DEPOT 2607,Home,Return,39.29,
10/25/2021,10/26/2021,AMZN Mktp US*IS7ZQ2FV3,Shopping,Sale,-89.08,
10/24/2021,10/26/2021,THE HOME DEPOT 2607,Home,Sale,-30.43,
10/23/2021,10/25/2021,HONEY POT HILL ORCHARD,Food & Drink,Sale,-25.50,
10/23/2021,10/25/2021,SHAWS OSCO 2584,Groceries,Sale,-74.46,
10/23/2021,10/24/2021,TST* CHILL KITCHEN AND BA,Food & Drink,Sale,-59.22,
10/22/2021,10/24/2021,TJ MAXX #400,Shopping,Sale,-29.99,
10/23/2021,10/24/2021,SP * BROOKLYN BEDDING,Home,Sale,-69.98,
10/21/2021,10/22/2021,LOWES #02375*,Home,Return,21.10,
10/21/2021,10/22/2021,LOWES #02375*,Home,Sale,-70.06,
10/21/2021,10/22/2021,BJS FUEL #9209,Gas,Sale,-54.77,
10/21/2021,10/22/2021,MARKET BASKET 00000737,Groceries,Sale,-63.37,
10/20/2021,10/21/2021,COLORWORKS 4 MAYNARD,Home,Sale,-55.24,
10/19/2021,10/21/2021,EDDIEBAUER.COM,Shopping,Sale,-65.00,
10/20/2021,10/21/2021,PAYPAL *DEPALOCOFFE,Groceries,Sale,-79.90,
10/20/2021,10/21/2021,110 GRILL MAYNARD,Food & Drink,Sale,-67.17,
10/19/2021,10/21/2021,EL HUIPIL MEXICAN REST,Food & Drink,Sale,-40.85,
10/19/2021,10/20/2021,CVS/PHARMACY #00973,Health & Wellness,Sale,-23.02,
10/18/2021,10/19/2021,BENEVITY DONATIONS,Gifts & Donations,Sale,-100.00,
10/18/2021,10/19/2021,GEICO  *AUTO,Bills & Utilities,Sale,-578.25,
10/18/2021,10/18/2021,LANDS END,Shopping,Sale,-164.83,
10/16/2021,10/18/2021,SHAWS OSCO 2584,Groceries,Sale,-43.13,
10/16/2021,10/18/2021,HONEY POT HILL ORCHARD,Food & Drink,Sale,-25.50,
10/16/2021,10/17/2021,KINDLES PI* BKINDLES W,Food & Drink,Sale,-64.63,
10/15/2021,10/17/2021,ATLANTIC SEA GRILL &amp; FISH,Food & Drink,Sale,-77.02,
10/14/2021,10/15/2021,AMZN Mktp US*279M61I00,Shopping,Sale,-104.42,
10/14/2021,10/15/2021,GIGI'S RESTAURANT,Food & Drink,Sale,-59.73,
10/13/2021,10/14/2021,WNYC WQXR NJPR NYPR RADIO,Gifts & Donations,Sale,-5.00,
10/12/2021,10/14/2021,GRABULL INC,Food & Drink,Sale,-49.42,
10/12/2021,10/13/2021,LINKEDIN-690*6763663,Bills & Utilities,Sale,-31.86,
10/12/2021,10/13/2021,MARKET BASKET 00000877,Groceries,Sale,-17.15,
10/12/2021,10/13/2021,GULF OIL 92033926,Gas,Sale,-15.77,
10/11/2021,10/13/2021,1 800 PETMEDS,Personal,Sale,-41.85,
10/12/2021,10/13/2021,COLORWORKS 4 MAYNARD,Home,Sale,-33.98,
10/11/2021,10/12/2021,110 GRILL MAYNARD,Food & Drink,Sale,-58.95,
10/10/2021,10/12/2021,SHAWS OSCO 2584,Groceries,Sale,-12.34,
10/11/2021,10/12/2021,MARKET BASKET 00000877,Groceries,Sale,-29.00,
10/09/2021,10/11/2021,SHAWS OSCO 2584,Groceries,Sale,-42.52,
10/10/2021,10/11/2021,Microsoft*OneDrive Standa,Entertainment,Sale,-1.99,
10/10/2021,10/11/2021,CVS/PHARMACY #00706,Health & Wellness,Sale,-113.51,
10/09/2021,10/10/2021,AUBUCHON HARDWARE,Home,Sale,-17.99,
10/08/2021,10/10/2021,INNOVATIONS HAIR SAL,Personal,Sale,-66.00,
10/09/2021,10/10/2021,AUBUCHON HARDWARE,Shopping,Sale,-25.46,
10/09/2021,10/10/2021,SQ *SMALL FARM  INC,Groceries,Sale,-8.00,
10/08/2021,10/10/2021,SHAWS OSCO 2584,Groceries,Sale,-12.07,
10/08/2021,10/10/2021,GIGI'S RESTAURANT,Food & Drink,Sale,-59.73,
10/08/2021,10/08/2021,Payment Thank You - Bill,,Payment,5403.35,
10/06/2021,10/08/2021,COLONIAL SPIRITS OF STOW,Food & Drink,Sale,-26.03,
10/07/2021,10/08/2021,DISCOUNT SURGICAL STOCKIN,Health & Wellness,Sale,-91.53,
10/07/2021,10/08/2021,MARKET BASKET 00000877,Groceries,Sale,-40.83,
10/06/2021,10/08/2021,SHAWS OSCO 2584,Groceries,Sale,-78.98,
10/04/2021,10/05/2021,Wikimedia 877 600 9454,Gifts & Donations,Sale,-5.35,
09/29/2021,09/30/2021,PAYPAL *EBAYINCSHIP,Personal,Sale,-8.80,
09/27/2021,09/29/2021,LOWES #02375*,Home,Sale,-18.02,
09/26/2021,09/28/2021,Sudbury Park and Recreati,Bills & Utilities,Sale,-8.00,
09/27/2021,09/28/2021,HONEY POT HILL ORCHARD,Food & Drink,Sale,-63.00,
09/26/2021,09/27/2021,MARKET BASKET 00000877,Groceries,Sale,-89.89,
09/25/2021,09/27/2021,THE HOME DEPOT 2607,Home,Sale,-78.58,
09/26/2021,09/27/2021,110 GRILL MAYNARD,Food & Drink,Sale,-33.30,
09/24/2021,09/26/2021,MARKET BASKET 00000737,Groceries,Sale,-17.16,
09/24/2021,09/26/2021,BJS FUEL #9209,Gas,Sale,-43.31,
09/25/2021,09/26/2021,AUBUCHON HARDWARE,Home,Sale,-8.17,
09/24/2021,09/26/2021,BJS WHOLESALE CLUB,Shopping,Sale,-11.15,
09/23/2021,09/26/2021,SHAWS OSCO 2584,Groceries,Sale,-61.12,
09/23/2021,09/24/2021,USPS PO 2479390775,Shopping,Sale,-7.95,
09/22/2021,09/24/2021,THE HOME DEPOT 2624,Home,Sale,-87.88,
09/22/2021,09/24/2021,EL HUIPIL MEXICAN RESTAUR,Food & Drink,Sale,-42.53,
09/21/2021,09/22/2021,BJS FUEL #9209,Gas,Sale,-64.86,
09/21/2021,09/22/2021,LOWES #02375*,Home,Return,26.63,
09/21/2021,09/22/2021,LOWES #02375*,Home,Return,40.29,
09/21/2021,09/22/2021,BJS WHOLESALE #0209,Shopping,Sale,-13.98,
09/21/2021,09/22/2021,BROTHERS MARKETPLACE #404,Groceries,Sale,-19.92,
09/21/2021,09/22/2021,DO MY OWN,Home,Sale,-90.29,
09/21/2021,09/22/2021,LOWES #02375*,Home,Return,8.43,
09/20/2021,09/22/2021,THE HOME DEPOT #2624,Home,Sale,-94.69,
09/21/2021,09/21/2021,LOWES #00907*,Home,Sale,-5.61,
09/19/2021,09/21/2021,SHAWS OSCO 2584,Groceries,Sale,-20.25,
09/19/2021,09/21/2021,SHAWS OSCO 2584,Groceries,Sale,-3.99,
09/18/2021,09/20/2021,THE PAPER STORE 06,Shopping,Sale,-150.35,
09/18/2021,09/19/2021,TRACTOR SUPPLY #2137,Automotive,Sale,-50.72,
09/16/2021,09/19/2021,Sudbury Park and Recreati,Bills & Utilities,Sale,-8.00,
09/17/2021,09/19/2021,EVVIVA TRATTORIA MAYNARD,Food & Drink,Sale,-50.18,
09/16/2021,09/19/2021,Sudbury Park and Recreati,Bills & Utilities,Sale,-8.00,
09/17/2021,09/19/2021,110 GRILL MAYNARD,Food & Drink,Sale,-32.75,
09/16/2021,09/19/2021,SHAWS OSCO 2584,Groceries,Sale,-24.45,
09/16/2021,09/17/2021,CVS/PHARMACY #00973,Health & Wellness,Sale,-128.22,
09/16/2021,09/17/2021,LOWES #02375*,Home,Sale,-5.08,
09/16/2021,09/17/2021,LOWES #00907*,Home,Sale,-99.77,
09/14/2021,09/15/2021,MARKET BASKET 00000737,Groceries,Sale,-16.87,
09/14/2021,09/15/2021,HONEY POT HILL ORCHARD,Food & Drink,Sale,-15.50,
09/14/2021,09/15/2021,LOWES #02375*,Home,Sale,-10.52,
09/14/2021,09/15/2021,Chess.com Chess.com,Entertainment,Sale,-99.00,
09/14/2021,09/15/2021,BJS FUEL #9209,Gas,Sale,-49.18,
09/13/2021,09/15/2021,SHAWS OSCO 2584,Groceries,Sale,-166.26,
09/13/2021,09/14/2021,WNYC WQXR NJPR NYPR RADIO,Gifts & Donations,Sale,-5.00,
09/12/2021,09/13/2021,LinkedIn 6807413853,Bills & Utilities,Sale,-31.86,
09/11/2021,09/13/2021,SHAWS OSCO 2584,Groceries,Sale,-22.45,
09/10/2021,09/12/2021,HONEY POT HILL ORCHARD,Food & Drink,Sale,-27.75,
09/10/2021,09/12/2021,EVVIVA TRATTORIA MAYNARD,Food & Drink,Sale,-23.87,
09/10/2021,09/12/2021,MARKET BASKET 00000877,Groceries,Sale,-4.29,
09/09/2021,09/12/2021,OKI POKE,Food & Drink,Sale,-44.24,
09/10/2021,09/12/2021,KIMBALL FARM GRILL,Food & Drink,Sale,-66.23,
09/10/2021,09/12/2021,EMMAS CAFE,Food & Drink,Sale,-13.89,
09/10/2021,09/12/2021,110 GRILL MAYNARD,Food & Drink,Sale,-32.75,
09/11/2021,09/12/2021,LOWES #00907*,Home,Sale,-17.66,
09/10/2021,09/12/2021,SHAWS OSCO 2584,Groceries,Sale,-22.97,
09/10/2021,09/10/2021,Payment Thank You - Bill,,Payment,8365.42,
09/09/2021,09/10/2021,WHOLEFDS WSF#10620,Groceries,Sale,-23.85,
09/09/2021,09/10/2021,AMZN Mktp US*2G9H98N20,Shopping,Sale,-19.81,
09/10/2021,09/10/2021,Microsoft,Shopping,Sale,-1.99,
09/09/2021,09/10/2021,BOCH HONDA WEST,Automotive,Sale,-76.50,
09/08/2021,09/09/2021,eBay O*02-07579-48320,Shopping,Sale,-190.19,
09/08/2021,09/09/2021,PAYPAL *DEPALOCOFFE,Groceries,Sale,-79.90,
09/08/2021,09/09/2021,AMZN Mktp US*2G2E42LR0,Shopping,Sale,-35.56,
09/07/2021,09/09/2021,SHAWS OSCO 2584,Groceries,Sale,-31.96,
09/06/2021,09/08/2021,SHAWS OSCO 2584,Groceries,Sale,-29.62,
09/07/2021,09/08/2021,AMZN Mktp US*2G37094X1,Shopping,Sale,-27.95,
09/01/2021,09/07/2021,HONEY POT HILL ORCHARD,Food & Drink,Sale,-46.00,
09/06/2021,09/07/2021,AMZN Mktp US*259YN8GF2,Shopping,Sale,-39.26,
09/04/2021,09/06/2021,SHAWS OSCO 2584,Groceries,Sale,-26.51,
09/04/2021,09/06/2021,COLONIAL SPIRITS OF STOW,Food & Drink,Sale,-25.96,
09/04/2021,09/05/2021,LITTLETON LUMBER CORP,Home,Sale,-306.16,
09/04/2021,09/05/2021,LOWES #00907*,Home,Sale,-19.19,
09/03/2021,09/05/2021,FLYLADY AND COMPANY INC,Shopping,Sale,-60.43,
09/03/2021,09/05/2021,MARKET BASKET 00000737,Groceries,Sale,-2.19,
09/03/2021,09/05/2021,BJS FUEL #9209,Gas,Sale,-37.90,
09/03/2021,09/05/2021,Wikimedia 877 600 9454,Gifts & Donations,Sale,-5.35,
09/04/2021,09/05/2021,RED GINGER,Food & Drink,Sale,-98.09,
09/03/2021,09/05/2021,EDDIE BAUER 073,Shopping,Sale,-167.85,
09/04/2021,09/05/2021,POTTERYBARN.COM,Home,Sale,-87.30,
09/03/2021,09/05/2021,LANDS END BURLINGTO 813,Shopping,Sale,-255.37,
09/03/2021,09/05/2021,LITTLETON LUMBER CORP,Home,Sale,-155.30,
09/03/2021,09/05/2021,BJS WHOLESALE #0209,Shopping,Sale,-24.98,
09/03/2021,09/05/2021,ATLANTIC SEA GRILL &amp; FISH,Food & Drink,Sale,-79.54,
09/02/2021,09/03/2021,GIGI'S RESTAURANT,Food & Drink,Sale,-40.97,
09/02/2021,09/03/2021,AUBUCHON HARDWARE,Home,Sale,-5.30,
09/03/2021,09/03/2021,LOWES #00907*,Home,Sale,-31.98,
09/01/2021,09/02/2021,AMZN Mktp US*254NL28J0,Shopping,Sale,-7.23,
08/31/2021,09/02/2021,SHAWS OSCO 2584,Groceries,Sale,-107.62,
09/02/2021,09/02/2021,BOYS &amp; GIRLS CLUB OF ASSA,Bills & Utilities,Sale,-150.00,
08/30/2021,08/31/2021,EVVIVA TRATTORIA MAYNARD,Food & Drink,Sale,-24.87,
08/30/2021,08/31/2021,eBay O*24-07549-93232,Shopping,Sale,-10.53,
08/30/2021,08/31/2021,110 GRILL MAYNARD,Food & Drink,Sale,-32.64,
08/30/2021,08/31/2021,AMZN Mktp US*252179M01,Shopping,Sale,-7.11,
08/26/2021,08/29/2021,EXXONMOBIL    97442933,Gas,Sale,-51.28,
08/28/2021,08/29/2021,MICHAELS STORES 1239,Shopping,Sale,-37.16,
08/28/2021,08/29/2021,STOP &amp; SHOP 0489,Groceries,Sale,-3.49,
08/27/2021,08/29/2021,HONEY POT HILL ORCHARD,Food & Drink,Sale,-40.00,
08/28/2021,08/29/2021,SQ *SMALL FARM  INC,Groceries,Sale,-13.50,
08/28/2021,08/29/2021,LOWES #02375*,Home,Sale,-130.63,
08/27/2021,08/29/2021,SHAWS OSCO 2584,Groceries,Sale,-21.96,
08/26/2021,08/27/2021,SP * SHOPTHETRUSTEES,Shopping,Sale,-20.00,
08/25/2021,08/27/2021,BERTUCCI'S - MARLBOROUGH,Food & Drink,Sale,-53.86,
08/25/2021,08/27/2021,AT *TRUSTEES OF RESRVATN,Gifts & Donations,Sale,-40.00,
08/26/2021,08/27/2021,WOODMANS OF ESSEX,Food & Drink,Sale,-164.70,
08/25/2021,08/26/2021,LOWES #02375*,Home,Sale,-13.77,
08/24/2021,08/25/2021,INNOVATIONS HAIR SAL,Personal,Sale,-66.00,
08/23/2021,08/24/2021,110 GRILL MAYNARD,Food & Drink,Sale,-61.06,
08/22/2021,08/23/2021,PAYPAL *DEPALOCOFFE,Groceries,Sale,-79.90,
08/21/2021,08/23/2021,SHAWS OSCO 2584,Groceries,Sale,-104.75,
08/21/2021,08/22/2021,LITTLETON LUMBER CORP,Home,Sale,-69.34,
08/21/2021,08/22/2021,BJS FUEL #9209,Gas,Sale,-87.36,
08/21/2021,08/22/2021,LOWES #02375*,Home,Sale,-73.70,
08/20/2021,08/22/2021,EVVIVA TRATTORIA MAYNARD,Food & Drink,Sale,-56.07,
08/20/2021,08/20/2021,COMPANDSAVE INK TONER,Shopping,Sale,-13.94,
08/19/2021,08/20/2021,AMZN Mktp US*2D21D1Q20,Shopping,Sale,-6.89,
08/18/2021,08/20/2021,SHAWS OSCO 2584,Groceries,Sale,-62.60,
08/19/2021,08/20/2021,RED GINGER,Food & Drink,Sale,-59.03,
08/19/2021,08/20/2021,AMZN Mktp US*2D9E53A02,Shopping,Sale,-136.37,
08/18/2021,08/20/2021,COLONIAL SPIRITS OF STOW,Food & Drink,Sale,-17.74,
08/18/2021,08/19/2021,TST* ATLANTIC POKE MARLBO,Food & Drink,Sale,-61.11,
08/18/2021,08/19/2021,USPS PO 2479390775,Shopping,Sale,-26.35,
08/18/2021,08/19/2021,SUFFOLK CO SURROG FEE EF,Bills & Utilities,Sale,-0.03,
08/18/2021,08/19/2021,SUFFOLK CO SURROG EF,Bills & Utilities,Sale,-1.00,
08/17/2021,08/18/2021,AMZN Mktp US*2D7YO4881,Shopping,Sale,-16.37,
08/17/2021,08/18/2021,GULF OIL 92033926,Gas,Sale,-15.43,
08/18/2021,08/18/2021,FARMER BOBS PARTS &amp; SUPPL,Automotive,Sale,-188.44,
08/16/2021,08/17/2021,COLORWORKS 4 MAYNARD,Home,Sale,-55.24,
08/16/2021,08/17/2021,LOWES #00907*,Home,Sale,-53.64,
08/16/2021,08/17/2021,LOWES #02375*,Home,Sale,-65.28,
08/17/2021,08/17/2021,SP * MEDCLINE(AMENITY),Health & Wellness,Sale,-212.49,
08/13/2021,08/17/2021,GRABULL INC,Food & Drink,Sale,-31.39,
08/16/2021,08/17/2021,BJS FUEL #9209,Gas,Sale,-29.94,
08/15/2021,08/16/2021,MCDONALD'S F1439,Food & Drink,Sale,-1.49,
08/14/2021,08/16/2021,HONEY POT HILL ORCHARD,Food & Drink,Sale,-8.50,
08/15/2021,08/16/2021,AUBUCHON HARDWARE,Home,Sale,-95.92,
08/15/2021,08/16/2021,AUBUCHON HARDWARE,Home,Sale,-40.98,
08/14/2021,08/16/2021,SHAWS OSCO 2584,Groceries,Sale,-72.42,
08/13/2021,08/15/2021,SHAWS OSCO 2584,Groceries,Sale,-59.21,
08/13/2021,08/15/2021,WNYC WQXR NJPR NYPR RADIO,Gifts & Donations,Sale,-5.00,
08/14/2021,08/15/2021,LOWES #00907*,Home,Sale,-192.10,
08/12/2021,08/13/2021,LINKEDIN-671*2456173,Bills & Utilities,Sale,-31.86,
08/10/2021,08/12/2021,Sudbury Park and Recreati,Bills & Utilities,Sale,-8.00,
08/10/2021,08/12/2021,EXXONMOBIL    97442933,Gas,Sale,-38.76,
08/11/2021,08/11/2021,Payment Thank You - Bill,,Payment,6643.60,
08/10/2021,08/11/2021,PANERA BREAD #203555 K,Food & Drink,Sale,-44.36,
08/09/2021,08/11/2021,SHAWS OSCO 2584,Groceries,Sale,-65.02,
08/10/2021,08/11/2021,110 GRILL MAYNARD,Food & Drink,Sale,-61.28,
08/10/2021,08/11/2021,STOP &amp; SHOP 0482,Groceries,Sale,-3.78,
08/10/2021,08/11/2021,MARKET BASKET 00000877,Groceries,Sale,-37.82,
08/10/2021,08/10/2021,Microsoft*OneDrive Standa,Bills & Utilities,Sale,-1.99,
08/07/2021,08/09/2021,SHAWS OSCO 2584,Groceries,Sale,-50.10,
08/08/2021,08/09/2021,EVVIVA TRATTORIA MAYNARD,Food & Drink,Sale,-56.34,
08/08/2021,08/09/2021,AIRBNB  HMCQXZYB99,Travel,Return,229.44,
08/07/2021,08/08/2021,AUBUCHON HARDWARE,Home,Sale,-3.42,
08/05/2021,08/08/2021,Sudbury Park and Recreati,Bills & Utilities,Sale,-8.00,
08/06/2021,08/08/2021,NPG*SCIENTIC AMERICAN,Bills & Utilities,Sale,-29.99,
08/06/2021,08/08/2021,AUBUCHON HARDWARE,Home,Sale,-61.59,
08/06/2021,08/08/2021,LOWES #00907*,Home,Sale,-29.39,
08/06/2021,08/08/2021,CAB STORE HUDSON  MA,Shopping,Sale,-179.52,
08/05/2021,08/06/2021,LOWES #00907*,Home,Sale,-51.41,
08/05/2021,08/06/2021,LOWES #02375*,Home,Sale,-44.99,
08/04/2021,08/05/2021,MARKET BASKET 00000877,Groceries,Sale,-57.06,
08/03/2021,08/05/2021,Sudbury Park and Recreati,Bills & Utilities,Sale,-8.00,
08/03/2021,08/05/2021,SHAWS OSCO 2584,Groceries,Sale,-36.92,
08/03/2021,08/04/2021,HONEY POT HILL ORCHARD,Food & Drink,Sale,-13.50,
08/03/2021,08/04/2021,CVS/PHARMACY #00973,Health & Wellness,Sale,-16.55,
08/03/2021,08/04/2021,Wikimedia 877 600 9454,Gifts & Donations,Sale,-5.35,
08/02/2021,08/03/2021,COLORWORKS 4 MAYNARD,Home,Sale,-62.66,
08/01/2021,08/03/2021,Sudbury Park and Recreati,Bills & Utilities,Sale,-8.00,
08/01/2021,08/02/2021,BERTUCCI'S-MARLBOROUGH O,Food & Drink,Sale,-26.81,
08/01/2021,08/02/2021,LOWES #02375*,Home,Sale,-14.83,
08/01/2021,08/01/2021,ANNUAL MEMBERSHIP FEE,Fees & Adjustments,Fee,-75.00,
07/31/2021,08/01/2021,PAYPAL *DEPALOCOFFE,Groceries,Sale,-79.90,
07/30/2021,08/01/2021,HONEY POT HILL ORCHARD,Food & Drink,Sale,-36.50,
07/30/2021,08/01/2021,COLORWORKS 4 MAYNARD,Home,Return,4.25,
07/31/2021,08/01/2021,MCDONALD'S F4857,Food & Drink,Sale,-3.41,
07/30/2021,08/01/2021,COLORWORKS 4 MAYNARD,Home,Sale,-225.69,
07/31/2021,08/01/2021,SQ *SMALL FARM  INC,Groceries,Sale,-36.00,
07/30/2021,08/01/2021,WHOLEFDS WSF#10620,Groceries,Sale,-23.99,
07/30/2021,08/01/2021,eBay O*22-07404-30796,Shopping,Sale,-4249.99,
07/31/2021,08/01/2021,MAYNARD OUTDOOR STORE INC,Shopping,Sale,-17.43,
07/30/2021,08/01/2021,OKI POKE,Food & Drink,Sale,-30.92,
07/29/2021,08/01/2021,Sudbury Park and Recreati,Bills & Utilities,Sale,-8.00,
07/29/2021,08/01/2021,SHAWS OSCO 2584,Groceries,Sale,-24.09,
07/31/2021,08/01/2021,110 GRILL MAYNARD,Food & Drink,Sale,-36.08,
07/31/2021,08/01/2021,EVVIVA TRATTORIA MAYNARD,Food & Drink,Sale,-21.87,
07/30/2021,08/01/2021,JOANN STORES #472,Shopping,Sale,-39.60,
07/27/2021,07/29/2021,Sudbury Park and Recreati,Bills & Utilities,Sale,-8.00,
07/28/2021,07/29/2021,MCDONALD'S F11668,Food & Drink,Sale,-6.12,
07/27/2021,07/29/2021,SHAWS OSCO 2584,Groceries,Sale,-59.49,
07/28/2021,07/29/2021,AUBUCHON HARDWARE,Home,Sale,-17.29,
07/28/2021,07/29/2021,PANERA BREAD #203426 P,Food & Drink,Sale,-43.15,
07/25/2021,07/27/2021,Sudbury Park and Recreati,Bills & Utilities,Sale,-8.00,
07/26/2021,07/27/2021,AUBUCHON HARDWARE,Home,Sale,-23.35,
07/25/2021,07/26/2021,HONEY POT HILL ORCHARD,Food & Drink,Sale,-8.50,
07/24/2021,07/26/2021,MARKET BASKET 00000877,Groceries,Sale,-78.27,
07/23/2021,07/25/2021,EXXONMOBIL    97442933,Gas,Sale,-23.30,
07/23/2021,07/25/2021,SHAWS OSCO 2584,Groceries,Sale,-34.91,
07/22/2021,07/25/2021,AMZN Mktp US,Shopping,Return,8.49,
07/24/2021,07/25/2021,AIRBNB  HMCQXZYB99,Travel,Sale,-229.44,
07/22/2021,07/25/2021,GRABULL INC,Food & Drink,Sale,-70.57,
07/21/2021,07/23/2021,MARLBOROUGH NISSAN,Automotive,Sale,-71.34,
07/22/2021,07/23/2021,MAYNARD OUTDOOR STORE INC,Shopping,Sale,-5.26,
07/21/2021,07/23/2021,EL HUIPIL MEXICAN RESTAUR,Food & Drink,Sale,-57.47,
07/20/2021,07/22/2021,Sudbury Park and Recreati,Bills & Utilities,Sale,-8.00,
07/20/2021,07/22/2021,NOR*NORTHERN TOOL,Home,Sale,-80.33,
07/21/2021,07/22/2021,TARGET        00025700,Shopping,Sale,-27.26,
07/20/2021,07/22/2021,SHAWS OSCO 2584,Groceries,Sale,-4.99,
07/18/2021,07/20/2021,SHAWS OSCO 2584,Groceries,Sale,-66.62,
07/19/2021,07/20/2021,GEICO MARINE INSURANCE CO,Bills & Utilities,Sale,-77.00,
07/19/2021,07/20/2021,MARKET BASKET 00000877,Groceries,Sale,-32.65,
07/18/2021,07/20/2021,Sudbury Park and Recreati,Bills & Utilities,Sale,-8.00,
07/17/2021,07/19/2021,MARKET BASKET 00000877,Groceries,Sale,-51.82,
07/17/2021,07/19/2021,MARKET BASKET 00000737,Groceries,Sale,-5.98,
07/17/2021,07/19/2021,SHAWS OSCO 2584,Groceries,Sale,-28.25,
07/17/2021,07/19/2021,SHAWS OSCO 2584,Groceries,Sale,-27.96,
07/17/2021,07/19/2021,SHAWS OSCO 2584,Groceries,Sale,-6.98,
07/15/2021,07/18/2021,SHAWS OSCO 2584,Groceries,Sale,-63.94,
07/16/2021,07/18/2021,EVVIVA TRATTORIA MAYNARD,Food & Drink,Sale,-36.64,
07/17/2021,07/18/2021,ERIKSON GRAIN MILL,Shopping,Sale,-9.98,
07/15/2021,07/18/2021,Sudbury Park and Recreati,Bills & Utilities,Sale,-8.00,
07/15/2021,07/18/2021,HOSPICE CARE OF LONG I,Health & Wellness,Sale,-1000.00,
07/16/2021,07/18/2021,COLORWORKS 4 MAYNARD,Home,Sale,-29.73,
07/17/2021,07/18/2021,AMZN Mktp US*2E93N5FF2,Shopping,Sale,-37.17,
07/14/2021,07/16/2021,LITTLETON LUMBER CORP,Home,Sale,-132.72,
07/14/2021,07/16/2021,SHAWS OSCO 2584,Groceries,Sale,-15.93,
07/14/2021,07/15/2021,RED GINGER,Food & Drink,Sale,-54.11,
07/14/2021,07/15/2021,AMZN Mktp US*294TK59R2,Shopping,Sale,-75.31,
07/13/2021,07/15/2021,Sudbury Park and Recreati,Bills & Utilities,Sale,-8.00,
07/13/2021,07/14/2021,WNYC WQXR NJPR NYPR RADIO,Gifts & Donations,Sale,-5.00,
07/12/2021,07/14/2021,LINKEDIN-660*8546963,Bills & Utilities,Sale,-31.86,
07/13/2021,07/14/2021,AUBUCHON HARDWARE,Home,Sale,-10.60,
07/12/2021,07/14/2021,SHAWS OSCO 2584,Groceries,Sale,-43.91,
07/11/2021,07/13/2021,AMZN Mktp US*2949E4960,Shopping,Sale,-18.34,
07/11/2021,07/13/2021,Sudbury Park and Recreati,Bills & Utilities,Sale,-8.00,
07/11/2021,07/12/2021,AMZN Mktp US*2913S7QK2,Shopping,Sale,-39.28,
07/10/2021,07/12/2021,OKI POKE,Food & Drink,Sale,-31.64,
07/11/2021,07/12/2021,MAYNARD OUTDOOR STORE INC,Shopping,Sale,-8.50,
07/11/2021,07/12/2021,EVVIVA TRATTORIA MAYNARD,Food & Drink,Sale,-47.96,
07/11/2021,07/12/2021,110 GRILL MAYNARD,Food & Drink,Sale,-23.98,
07/11/2021,07/12/2021,NAME-CHEAP.COM,Professional Services,Sale,-13.16,
07/08/2021,07/12/2021,REINS NY STYLE DELI,Food & Drink,Sale,-19.80,
07/11/2021,07/12/2021,MAYNARD OUTDOOR STORE INC,Shopping,Sale,-24.33,
07/10/2021,07/11/2021,MARSHALLS #1199,Shopping,Sale,-10.61,
07/10/2021,07/11/2021,Microsoft*OneDrive Standa,Entertainment,Sale,-1.99,
07/09/2021,07/11/2021,STP&amp;SHPFUEL0489,Gas,Sale,-46.77,
07/10/2021,07/11/2021,SQ *SMALL FARM  INC,Groceries,Sale,-6.00,
07/09/2021,07/09/2021,Payment Thank You - Bill,,Payment,4992.46,
07/08/2021,07/09/2021,LOUIES,Food & Drink,Sale,-67.89,
07/08/2021,07/09/2021,STP&amp;SHPFUEL0489,Gas,Sale,-21.91,
07/08/2021,07/09/2021,AMZN Mktp US*294MP5B20,Shopping,Sale,-13.79,
07/07/2021,07/09/2021,EL HUIPIL MEXICAN RESTAUR,Food & Drink,Sale,-30.68,
07/07/2021,07/09/2021,SHAWS OSCO 2584,Groceries,Sale,-67.41,
07/07/2021,07/08/2021,EVVIVA TRATTORIA MAYNARD,Food & Drink,Sale,-28.42,
07/06/2021,07/07/2021,AUBUCHON HARDWARE,Home,Sale,-27.38,
07/06/2021,07/07/2021,AUBUCHON HARDWARE,Home,Sale,-24.96,
07/06/2021,07/07/2021,CVS/PHARMACY #00973,Health & Wellness,Sale,-104.60,
07/06/2021,07/07/2021,BEST BUY MHT  00008201,Shopping,Sale,-416.47,
07/06/2021,07/07/2021,MACYS  SOLOMON POND,Shopping,Sale,-68.53,
07/06/2021,07/07/2021,TIMEXPRESS,Shopping,Sale,-23.38,
07/05/2021,07/06/2021,Wikimedia 877 600 9454,Gifts & Donations,Sale,-5.35,
07/04/2021,07/05/2021,PAYPAL *DEPALOCOFFE,Groceries,Sale,-79.90,
07/03/2021,07/05/2021,SHAWS OSCO 2584,Groceries,Sale,-226.53,
07/03/2021,07/05/2021,AMZN Mktp US*295K27LM2,Shopping,Sale,-149.09,
07/01/2021,07/04/2021,KIMBALL FARM MINI GOLF,Entertainment,Sale,-17.50,
07/01/2021,07/04/2021,OKI POKE,Food & Drink,Sale,-35.73,
07/02/2021,07/04/2021,IM WIRELESS VERIZON STOW,Shopping,Sale,-275.63,
07/02/2021,07/04/2021,AMZN Mktp US*298PK5J50,Shopping,Sale,-136.99,
07/02/2021,07/04/2021,INNOVATIONS HAIR SAL,Personal,Sale,-66.00,
07/02/2021,07/04/2021,AWL*PEARSON EDUCATION,Education,Sale,-13.99,
07/02/2021,07/04/2021,EXXONMOBIL    97442933,Gas,Sale,-38.33,
07/02/2021,07/04/2021,TJ MAXX #400,Shopping,Sale,-77.95,
07/01/2021,07/02/2021,EVVIVA TRATTORIA MAYNARD,Food & Drink,Sale,-55.18,
07/01/2021,07/02/2021,110 GRILL MAYNARD,Food & Drink,Sale,-30.53,
07/01/2021,07/02/2021,TWIN SEAFOOD,Groceries,Sale,-30.00,
07/01/2021,07/02/2021,PAYPAL *LHWJAY1987 EBAY L,Shopping,Sale,-30.37,
06/30/2021,07/01/2021,MCDONALD'S F7474,Food & Drink,Sale,-9.37,
06/29/2021,07/01/2021,GRABULL INC,Food & Drink,Sale,-53.92,
06/30/2021,07/01/2021,STP&amp;SHPFUEL0489,Gas,Sale,-21.13,
06/28/2021,06/30/2021,Amazon.com*298G240Z1,Shopping,Sale,-17.63,
06/28/2021,06/30/2021,Amazon.com*216V13KB2,Shopping,Sale,-29.39,
06/28/2021,06/30/2021,SHAWS OSCO 2584,Groceries,Sale,-57.74,
06/29/2021,06/30/2021,LOWES #02375*,Home,Return,30.17,
06/29/2021,06/30/2021,LOWES #02375*,Home,Sale,-48.79,
06/28/2021,06/30/2021,LITTLETON LUMBER CORP,Home,Sale,-152.12,
06/28/2021,06/29/2021,AMZN Mktp US*214QG0212,Shopping,Sale,-12.70,
06/27/2021,06/29/2021,THE HOME DEPOT 2669,Home,Sale,-4.43,
06/27/2021,06/29/2021,SHAWS OSCO 2584,Groceries,Sale,-33.44,
06/28/2021,06/29/2021,COLORWORKS 4 MAYNARD,Home,Sale,-26.55,
06/27/2021,06/29/2021,THE HOME DEPOT 2607,Home,Return,3.69,
06/27/2021,06/28/2021,EVVIVA TRATTORIA MAYNARD,Food & Drink,Sale,-20.76,
06/26/2021,06/28/2021,THE HOME DEPOT 2607,Home,Sale,-154.51,
06/27/2021,06/28/2021,110 GRILL MAYNARD,Food & Drink,Sale,-23.98,
06/26/2021,06/28/2021,BERTUCCI'S - MARLBOROUGH,Food & Drink,Sale,-21.18,
06/26/2021,06/28/2021,SUNOCO 0251907201,Gas,Sale,-39.06,
06/24/2021,06/27/2021,SHAWS OSCO 2584,Groceries,Sale,-23.94,
06/26/2021,06/27/2021,338213 LOYAL COMPANION,Shopping,Sale,-41.95,
06/26/2021,06/27/2021,ERIKSON GRAIN MILL,Shopping,Sale,-9.98,
06/25/2021,06/27/2021,BURGER KING #5089,Food & Drink,Sale,-11.70,
06/25/2021,06/27/2021,PANERA BREAD #202129 P,Food & Drink,Sale,-13.78,
06/25/2021,06/27/2021,LOWES #02375*,Home,Sale,-95.56,
06/25/2021,06/27/2021,LOWES #02375*,Home,Sale,-31.54,
06/23/2021,06/25/2021,THE HOME DEPOT 2607,Home,Return,37.23,
06/23/2021,06/25/2021,SHAWS OSCO 2584,Groceries,Sale,-112.45,
06/24/2021,06/25/2021,AMERICANBLINDS.COM #2151,Home,Sale,-1209.11,
06/24/2021,06/25/2021,AMZN Mktp US*211B47QE0,Shopping,Sale,-27.59,
06/23/2021,06/24/2021,Nike.com,Shopping,Sale,-55.97,
06/21/2021,06/23/2021,EL HUIPIL MEXICAN RESTAUR,Food & Drink,Sale,-40.08,
06/20/2021,06/23/2021,REINS NY STYLE DELI,Food & Drink,Sale,-31.33,
06/22/2021,06/23/2021,EVVIVA TRATTORIA MAYNARD,Food & Drink,Sale,-39.86,
06/20/2021,06/22/2021,IHOP,Food & Drink,Sale,-49.90,
06/20/2021,06/22/2021,EMMAS CAFE,Food & Drink,Sale,-5.05,
06/21/2021,06/22/2021,COLORWORKS 4 MAYNARD,Home,Sale,-42.47,
06/20/2021,06/21/2021,BP#6638126STRASGLOBAL,Gas,Sale,-25.00,
06/20/2021,06/21/2021,LOWES #02375*,Home,Return,132.78,
06/20/2021,06/21/2021,LOWES #02375*,Home,Sale,-63.24,
06/19/2021,06/21/2021,BREAKING VENDING LLC,Food & Drink,Sale,-1.60,
06/19/2021,06/21/2021,BREAKING VENDING LLC,Food & Drink,Sale,-1.60,
06/19/2021,06/21/2021,BREAKING VENDING LLC,Food & Drink,Sale,-1.60,
06/20/2021,06/21/2021,TST* NANCY S AIR FIELD CA,Food & Drink,Sale,-31.88,
06/19/2021,06/21/2021,BREAKING VENDING LLC,Food & Drink,Sale,-1.60,
06/19/2021,06/21/2021,SHAWS OSCO 2584,Groceries,Sale,-49.73,
06/20/2021,06/21/2021,MCDONALD'S F1834,Food & Drink,Sale,-6.40,
06/20/2021,06/21/2021,STP&amp;SHPFUEL0489,Gas,Sale,-37.26,
06/20/2021,06/21/2021,NAME-CHEAP.COM,Professional Services,Sale,-13.16,
06/18/2021,06/20/2021,MACYS  SOLOMON POND,Shopping,Sale,-21.90,
06/18/2021,06/20/2021,BERTUCCI'S - MARLBOROUGH,Food & Drink,Sale,-21.18,
06/18/2021,06/20/2021,MACYS  SOLOMON POND,Shopping,Sale,-29.99,
06/18/2021,06/20/2021,FINISH LINE #0675,Shopping,Sale,-50.00,
06/19/2021,06/20/2021,BREAKING VENDING LLC,Food & Drink,Sale,-1.60,
06/18/2021,06/20/2021,Amazon.com*210Y43FS2,Shopping,Sale,-14.86,
06/18/2021,06/20/2021,Amazon.com*2112O0OY2,Shopping,Sale,-9.49,
06/19/2021,06/20/2021,BREAKING VENDING LLC,Food & Drink,Sale,-1.60,
06/18/2021,06/20/2021,BREAKING VENDING LLC,Food & Drink,Sale,-1.60,
06/19/2021,06/20/2021,BREAKING VENDING LLC,Food & Drink,Sale,-1.10,
06/19/2021,06/20/2021,CPAPDIRECT.COM,Health & Wellness,Sale,-534.95,
06/18/2021,06/20/2021,DSW SHOPS AT THE POND,Shopping,Sale,-54.99,
06/19/2021,06/20/2021,NAME-CHEAP.COM,Professional Services,Sale,-30.32,
06/17/2021,06/20/2021,SHELL OIL 57544283005,Gas,Sale,-45.40,
06/16/2021,06/18/2021,SHAWS OSCO 2584,Groceries,Sale,-48.39,
06/17/2021,06/18/2021,TST* NAN S RUSTIC KITCHEN,Food & Drink,Sale,-30.34,
06/16/2021,06/18/2021,LITTLETON LUMBER CORP,Home,Sale,-112.63,
06/15/2021,06/17/2021,SHAWS OSCO 2584,Groceries,Sale,-74.62,
06/16/2021,06/17/2021,AUBUCHON HARDWARE,Home,Sale,-41.34,
06/14/2021,06/16/2021,ROASTED PEPPERS,Food & Drink,Sale,-12.82,
06/13/2021,06/15/2021,EXXONMOBIL    97442933,Gas,Sale,-32.41,
06/13/2021,06/15/2021,THE HOME DEPOT 2607,Home,Sale,-317.69,
06/13/2021,06/14/2021,WNYC WQXR NJPR NYPR RADIO,Gifts & Donations,Sale,-5.00,
06/12/2021,06/14/2021,OKI POKE,Food & Drink,Sale,-44.24,
06/12/2021,06/14/2021,EXXONMOBIL    97442933,Gas,Sale,-43.27,
06/12/2021,06/14/2021,BSO-POPS-TANGLEWOOD ON,Gifts & Donations,Sale,-165.00,
06/12/2021,06/14/2021,SHAWS OSCO 2584,Groceries,Sale,-22.52,
06/12/2021,06/14/2021,LOWES #02375*,Home,Sale,-162.50,
06/12/2021,06/14/2021,SMACK NOODLE,Food & Drink,Sale,-25.81,
06/11/2021,06/13/2021,STP&amp;SHPFUEL0489,Gas,Sale,-44.59,
06/10/2021,06/13/2021,THE HOME DEPOT 2607,Home,Return,148.92,
06/12/2021,06/13/2021,LinkedIn 6505352913,Bills & Utilities,Sale,-31.86,
06/10/2021,06/13/2021,THE HOME DEPOT 2607,Home,Sale,-10.59,
06/12/2021,06/13/2021,AUBUCHON HARDWARE,Shopping,Sale,-24.48,
06/10/2021,06/13/2021,PRICE CHOPPER #162,Groceries,Sale,-18.56,
06/11/2021,06/13/2021,TST* NAN S RUSTIC KITCHEN,Food & Drink,Sale,-16.61,
06/11/2021,06/11/2021,Payment Thank You - Bill,,Payment,2702.86,
06/09/2021,06/10/2021,DIY HOME CENTER.COM,Home,Sale,-153.88,
06/10/2021,06/10/2021,Microsoft*OneDrive Standa,Entertainment,Sale,-1.99,
06/07/2021,06/09/2021,THE HOME DEPOT #2607,Home,Sale,-362.75,
06/07/2021,06/09/2021,SHAWS OSCO 2584,Groceries,Sale,-21.42,
06/06/2021,06/08/2021,SHAWS OSCO 2584,Groceries,Sale,-21.70,
06/06/2021,06/08/2021,EXXONMOBIL    97442933,Gas,Sale,-51.00,
06/06/2021,06/07/2021,JOANN STORES #472,Shopping,Return,8.97,
06/06/2021,06/07/2021,JOANN STORES #472,Shopping,Sale,-9.37,
06/06/2021,06/07/2021,PAYPAL *DEPALOCOFFE,Groceries,Sale,-79.90,
06/04/2021,06/07/2021,OKI POKE,Food & Drink,Sale,-46.38,
06/04/2021,06/06/2021,JOANN STORES #472,Shopping,Sale,-23.96,
06/04/2021,06/06/2021,AUBUCHON HARDWARE,Home,Sale,-86.82,
06/04/2021,06/06/2021,WHOLEFDS WSF#10620,Groceries,Sale,-96.48,
06/04/2021,06/06/2021,PHILLIPS 66 - 421 GAS,Gas,Sale,-94.21,
06/03/2021,06/04/2021,Wikimedia 877 600 9454,Gifts & Donations,Sale,-5.35,
06/02/2021,06/04/2021,EXXONMOBIL    97437743,Gas,Sale,-50.91,
06/02/2021,06/04/2021,SHAWS OSCO 2584,Groceries,Sale,-10.04,
05/29/2021,06/04/2021,UPTON TEA IMPORTS,Groceries,Sale,-111.00,
06/02/2021,06/03/2021,STP&amp;SHPFUEL0489,Gas,Sale,-31.94,
06/02/2021,06/03/2021,SQ *YIASOU YEEROS,Food & Drink,Sale,-19.44,
06/01/2021,06/01/2021,AMZN Mktp US*2R0G11SR2,Shopping,Sale,-18.51,
05/30/2021,06/01/2021,SHAWS OSCO 2584,Groceries,Sale,-272.52,
05/31/2021,06/01/2021,SQ *ERIKSONS DAIRY INC.,Food & Drink,Sale,-11.60,
05/30/2021,05/31/2021,LOWES #02375*,Home,Sale,-1113.79,
05/30/2021,05/31/2021,STP&amp;SHPFUEL0489,Gas,Sale,-26.20,
05/28/2021,05/30/2021,EVVIVA TRATTORIA MAYNARD,Food & Drink,Sale,-61.17,
05/26/2021,05/28/2021,SHAWS OSCO 2584,Groceries,Sale,-54.81,
05/27/2021,05/28/2021,GULF OIL 92063782,Gas,Sale,-32.59,
05/26/2021,05/27/2021,AMZN Mktp US*2R3VC4GW0,Shopping,Sale,-360.19,
05/25/2021,05/26/2021,TST* NAN S RUSTIC KITCHEN,Food & Drink,Sale,-58.87,
05/25/2021,05/26/2021,INNOVATIONS HAIR SAL,Personal,Sale,-66.00,
05/24/2021,05/25/2021,AMZN Mktp US*2R92Z86L1,Shopping,Sale,-24.35,
05/23/2021,05/25/2021,SHAWS OSCO 2584,Groceries,Sale,-58.72,
05/22/2021,05/24/2021,GRABULL INC,Food & Drink,Sale,-26.51,
05/22/2021,05/24/2021,QMENU INC,Shopping,Sale,-13.96,
05/22/2021,05/23/2021,MAYNARD OUTDOOR STORE INC,Shopping,Sale,-303.43,
05/21/2021,05/23/2021,GIGI'S RESTAURANT,Food & Drink,Sale,-63.80,
05/21/2021,05/23/2021,GULF OIL 92033926,Gas,Sale,-15.60,
05/22/2021,05/23/2021,AUBUCHON HARDWARE,Home,Sale,-9.01,
05/20/2021,05/21/2021,Amazon.com*2R59U8G51,Shopping,Sale,-20.22,
05/20/2021,05/21/2021,PIZZERIA REGINA MARLBORO,Food & Drink,Sale,-16.90,
05/19/2021,05/21/2021,OKI POKE,Food & Drink,Sale,-44.24,
05/20/2021,05/21/2021,AMZN Mktp US*2L6C03YI2,Shopping,Sale,-51.21,
05/21/2021,05/21/2021,SQ *SMALL FARM  INC,Groceries,Sale,-18.38,
05/18/2021,05/20/2021,SHAWS OSCO 2584,Groceries,Sale,-32.63,
05/17/2021,05/19/2021,SHAWS OSCO 2584,Groceries,Sale,-47.47,
05/18/2021,05/19/2021,DUNKIN #338096 Q35,Food & Drink,Sale,-35.47,
05/18/2021,05/19/2021,AUBUCHON HARDWARE,Home,Sale,-7.43,
05/17/2021,05/18/2021,INTUIT *TURBOTAX,Shopping,Sale,-26.56,
05/17/2021,05/18/2021,AMZN Mktp US*2L4T37SY2,Shopping,Sale,-104.17,
05/17/2021,05/18/2021,AMZN Mktp US*2L9U749B0,Shopping,Sale,-36.58,
05/14/2021,05/17/2021,OKI POKE,Food & Drink,Sale,-42.10,
05/16/2021,05/17/2021,AMZN Mktp US*2L9Y54KE0,Shopping,Sale,-16.43,
05/14/2021,05/16/2021,AMZN Mktp US*2L6PB0MV2,Shopping,Sale,-48.30,
05/14/2021,05/16/2021,WHOLEFDS WSF#10620,Groceries,Sale,-99.58,
05/15/2021,05/16/2021,RED GINGER,Food & Drink,Sale,-17.48,
05/13/2021,05/14/2021,WNYC WQXR NJPR NYPR RADIO,Gifts & Donations,Sale,-5.00,
05/12/2021,05/14/2021,OKI POKE,Food & Drink,Sale,-18.46,
05/13/2021,05/14/2021,PAYPAL *DEPALOCOFFE,Groceries,Sale,-73.90,
05/12/2021,05/14/2021,MARSHALLS #1199,Shopping,Return,25.99,
05/12/2021,05/14/2021,EXXONMOBIL    97442933,Gas,Sale,-46.95,
05/12/2021,05/13/2021,LinkedIn 6399796233,Bills & Utilities,Sale,-31.86,
05/12/2021,05/13/2021,MARSHALLS #1199,Shopping,Sale,-5.30,
05/11/2021,05/13/2021,MARSHALLS #1199,Shopping,Return,56.97,
05/12/2021,05/13/2021,BUENO Y SANO,Food & Drink,Sale,-20.59,
05/11/2021,05/13/2021,SHAWS OSCO 2584,Groceries,Sale,-38.09,
05/11/2021,05/12/2021,MARSHALLS #1199,Shopping,Sale,-80.96,
05/11/2021,05/11/2021,Payment Thank You - Bill,,Payment,3610.50,
05/09/2021,05/11/2021,SHAWS OSCO 2584,Groceries,Sale,-77.72,
05/09/2021,05/11/2021,SHAWS OSCO 2584,Groceries,Sale,-35.13,
05/09/2021,05/11/2021,SHAWS OSCO 2584,Groceries,Sale,-7.43,
05/09/2021,05/11/2021,SHELL OIL 57544283005,Gas,Sale,-44.89,
05/09/2021,05/10/2021,JOANN STORES #472,Shopping,Sale,-20.17,
05/09/2021,05/10/2021,MARSHALLS #1199,Shopping,Sale,-56.97,
05/10/2021,05/10/2021,MICROSOFT*ONEDRIVE STANDA,Bills & Utilities,Sale,-1.99,
05/08/2021,05/09/2021,STOW GARDEN CENTER,Home,Sale,-67.98,
05/07/2021,05/09/2021,CVS/PHARMACY #00706,Health & Wellness,Sale,-54.44,
05/07/2021,05/09/2021,STP&amp;SHPFUEL0489,Gas,Sale,-26.85,
05/06/2021,05/07/2021,CHEESECAKE NATICK,Food & Drink,Sale,-28.73,
05/05/2021,05/07/2021,SHAWS OSCO 2584,Groceries,Sale,-54.47,
05/05/2021,05/06/2021,WHOLEFDS HGM 10159,Groceries,Sale,-93.25,
05/04/2021,05/06/2021,AMZN Mktp US*462YL9NC3,Shopping,Sale,-64.79,
05/04/2021,05/06/2021,OKI POKE,Food & Drink,Sale,-44.24,
05/02/2021,05/05/2021,MACYS   .COM,Shopping,Return,45.00,
05/02/2021,05/04/2021,SHAWS OSCO 2584,Groceries,Sale,-46.03,
05/03/2021,05/04/2021,Wikimedia 877 600 9454,Gifts & Donations,Sale,-5.35,
04/30/2021,05/02/2021,SHAWS OSCO 2584,Groceries,Sale,-14.81,
04/30/2021,05/02/2021,ACE HARDWARE CORPORATION,Home,Sale,-13.80,
05/01/2021,05/02/2021,MCDONALD'S F10096,Food & Drink,Sale,-18.99,
04/29/2021,05/02/2021,SHAWS OSCO 2584,Groceries,Sale,-48.60,
05/01/2021,05/02/2021,EVVIVA TRATTORIA MAYNARD,Food & Drink,Sale,-40.30,
04/28/2021,04/30/2021,OKI POKE,Food & Drink,Sale,-44.24,
04/28/2021,04/29/2021,AUBUCHON HARDWARE,Home,Sale,-38.73,
04/28/2021,04/29/2021,WHOLEFDS WSF#10620,Groceries,Sale,-61.85,
04/26/2021,04/27/2021,AMZN Mktp US*7T2U81Y93,Shopping,Sale,-52.59,
04/27/2021,04/27/2021,AMZN Mktp US*2D0RG1O73,Shopping,Sale,-152.06,
04/26/2021,04/27/2021,Amazon.com*WZ82D9BS3,Shopping,Sale,-296.44,
04/26/2021,04/27/2021,SMACK NOODLE,Food & Drink,Sale,-26.96,
04/25/2021,04/27/2021,GRABULL INC,Food & Drink,Sale,-23.08,
04/26/2021,04/27/2021,AMZN Mktp US*LH3UB9JA3,Shopping,Sale,-58.43,
04/25/2021,04/26/2021,#2509-981D  ROASTED PE,Groceries,Sale,-11.69,
04/26/2021,04/26/2021,Amazon.com*PJ6O94R03,Shopping,Sale,-32.20,
04/25/2021,04/26/2021,AMZN Mktp US*829GA4VG3,Shopping,Sale,-68.03,
04/23/2021,04/25/2021,PAYPAL *STOWCONSERV,Gifts & Donations,Sale,-100.00,
04/23/2021,04/25/2021,SHAWS OSCO 2584,Groceries,Sale,-74.45,
04/20/2021,04/23/2021,MACYS   .COM,Shopping,Return,48.65,
04/20/2021,04/22/2021,STAPLES       00115253,Shopping,Sale,-6.35,
04/20/2021,04/22/2021,STAPLES       00115253,Shopping,Sale,-35.94,
04/20/2021,04/22/2021,THE HOME DEPOT 2607,Home,Sale,-34.00,
04/20/2021,04/22/2021,OKI POKE,Food & Drink,Sale,-53.24,
04/21/2021,04/22/2021,TST* NAN S RUSTIC KITCHEN,Food & Drink,Sale,-76.22,
04/20/2021,04/21/2021,CVS/PHARMACY #00973,Health & Wellness,Sale,-27.08,
04/20/2021,04/21/2021,SQ *SMALL FARM  INC,Groceries,Sale,-53.00,
04/18/2021,04/20/2021,SHELL OIL 57544283005,Gas,Sale,-40.94,
04/17/2021,04/19/2021,THE HOME DEPOT 2607,Home,Sale,-16.32,
04/18/2021,04/19/2021,TST* FIREFLY S BBQ - RT 2,Food & Drink,Sale,-148.26,
04/18/2021,04/19/2021,SQ *MARBEN ROSE LLC,Food & Drink,Sale,-6.09,
04/15/2021,04/18/2021,OKI POKE,Food & Drink,Sale,-44.24,
04/16/2021,04/16/2021,Payment Thank You - Bill,,Payment,4000.00,
04/15/2021,04/16/2021,WHOLEFDS WSF#10620,Groceries,Sale,-55.35,
04/13/2021,04/15/2021,WNYC/WQXR/NJPR/NYPR RADIO,Gifts & Donations,Sale,-5.00,
04/13/2021,04/14/2021,STOP &amp; SHOP 0460,Groceries,Sale,-23.05,
04/14/2021,04/14/2021,LANDS END,Shopping,Sale,-26.97,
04/13/2021,04/14/2021,INNOVATIONS HAIR SAL,Personal,Sale,-66.00,
04/13/2021,04/14/2021,GEICO  *AUTO,Bills & Utilities,Sale,-415.94,
04/12/2021,04/13/2021,LINKEDIN-630*6428803,Bills & Utilities,Sale,-31.86,
04/12/2021,04/12/2021,Payment Thank You - Bill,,Payment,2857.78,
04/11/2021,04/12/2021,WHOLEFDS WSF#10620,Groceries,Sale,-343.62,
04/10/2021,04/12/2021,GRABULL INC,Food & Drink,Sale,-43.89,
04/11/2021,04/12/2021,Prime Video*K41MS51O3,Shopping,Sale,-19.99,
04/11/2021,04/12/2021,Prime Video,Shopping,Return,19.99,
04/10/2021,04/12/2021,SMACK NOODLE,Food & Drink,Sale,-26.45,
04/09/2021,04/11/2021,EXXONMOBIL    97442933,Gas,Sale,-78.35,
04/08/2021,04/11/2021,OKI POKE,Food & Drink,Sale,-56.38,
04/08/2021,04/11/2021,LOWES #02375*,Home,Sale,-173.93,
04/09/2021,04/11/2021,IDYLWILDE FARMS INC,Groceries,Sale,-24.37,
04/10/2021,04/11/2021,Microsoft*OneDrive Standa,Bills & Utilities,Sale,-1.99,
04/09/2021,04/11/2021,HAMPTON BEACH STATE PK,Bills & Utilities,Sale,-2.00,
04/08/2021,04/11/2021,LOWES #02375*,Home,Sale,-129.48,
04/09/2021,04/09/2021,Payment Thank You - Bill,,Payment,100.00,
04/06/2021,04/09/2021,MACYS   .COM,Shopping,Return,103.39,
04/07/2021,04/09/2021,KARMA WESTFORD,Food & Drink,Sale,-119.86,
04/07/2021,04/08/2021,CVS/PHARMACY #01121,Health & Wellness,Sale,-59.64,
04/06/2021,04/08/2021,LOBSTER COVE,Food & Drink,Sale,-101.80,
04/05/2021,04/07/2021,MACYS   .COM,Shopping,Sale,-89.75,
04/06/2021,04/07/2021,WHOLEFDS WSF#10620,Groceries,Sale,-42.88,
04/05/2021,04/07/2021,OKI POKE,Food & Drink,Sale,-50.10,
04/06/2021,04/07/2021,Wikimedia 877 600 9454,Gifts & Donations,Sale,-5.35,
04/03/2021,04/07/2021,MARLBOROUGH NISSAN,Automotive,Sale,-285.34,
04/05/2021,04/07/2021,JP PARK WAYSIDE VDYKES,Home,Sale,-35.52,
04/06/2021,04/07/2021,PERKINS COVE LOBSTER SHA,Food & Drink,Sale,-59.68,
04/05/2021,04/06/2021,TDF WWW.TDF.IO/DONATE,Professional Services,Sale,-20.00,
04/05/2021,04/06/2021,MACYS   .COM,Shopping,Sale,-37.59,
04/03/2021,04/05/2021,THE HOME DEPOT 2607,Home,Sale,-146.37,
04/03/2021,04/04/2021,MACYS   .COM,Shopping,Sale,-97.21,
04/02/2021,04/04/2021,EXXONMOBIL    97457535,Gas,Sale,-59.61,
04/02/2021,04/04/2021,PAYPAL *DEPALOCOFFE,Groceries,Sale,-71.90,
04/02/2021,04/04/2021,AMZN Mktp US*H04BE0F83,Shopping,Sale,-3.71,
04/03/2021,04/04/2021,MACYS   .COM,Shopping,Sale,-59.50,
04/02/2021,04/04/2021,SHAWS OSCO 2584,Groceries,Sale,-90.91,
04/02/2021,04/04/2021,EXXONMOBIL    97442933,Gas,Sale,-36.39,
04/02/2021,04/04/2021,AMZN Mktp US*R851Q9QX3,Shopping,Sale,-19.11,
04/02/2021,04/04/2021,BENEVITY DONATIONS,Gifts & Donations,Sale,-100.00,
04/01/2021,04/02/2021,AMZN Mktp US*N790V2I13,Shopping,Sale,-109.65,
04/01/2021,04/02/2021,LLBEAN-DIRECT,Shopping,Sale,-54.95,
04/01/2021,04/02/2021,HAWKINS COVE,Bills & Utilities,Sale,-2115.89,
04/01/2021,04/02/2021,LLBEAN-DIRECT,Shopping,Sale,-54.95,
03/30/2021,04/01/2021,SHAWS OSCO 2584,Groceries,Sale,-49.39,
03/31/2021,04/01/2021,USPS PO 2479390775,Shopping,Sale,-15.65,
03/31/2021,04/01/2021,TWIN SEAFOOD,Groceries,Sale,-126.31,
03/30/2021,03/31/2021,AMZN Mktp US*U99UY7PU3,Shopping,Sale,-20.18,
03/30/2021,03/31/2021,WHOLEFDS WSF#10620,Groceries,Sale,-57.03,
03/27/2021,03/28/2021,PANERA BREAD #203426 K,Food & Drink,Sale,-16.97,
03/25/2021,03/28/2021,EXXONMOBIL    97495402,Gas,Sale,-35.30,
03/26/2021,03/28/2021,DIWAN RESTAURANT,Food & Drink,Sale,-20.64,
03/25/2021,03/28/2021,T.C. LANDO'S SUB'S &amp; PIZZ,Food & Drink,Sale,-26.78,
03/26/2021,03/26/2021,LANDS END,Shopping,Return,41.02,
03/25/2021,03/26/2021,ALPER'S TV HARDWARE,Home,Sale,-47.78,
03/24/2021,03/26/2021,SHAWS OSCO 2584,Groceries,Sale,-175.20,
03/24/2021,03/25/2021,LOWES #02375*,Home,Sale,-103.66,
03/23/2021,03/25/2021,SHAWS OSCO 2584,Groceries,Sale,-86.82,
03/22/2021,03/23/2021,HELENS RESTAURANT,Food & Drink,Sale,-68.41,
03/20/2021,03/22/2021,GIGI'S RESTAURANT,Food & Drink,Sale,-61.80,
03/21/2021,03/22/2021,LOWES #02375*,Home,Sale,-281.37,
03/18/2021,03/21/2021,OKI POKE,Food & Drink,Sale,-52.24,
03/19/2021,03/21/2021,MACYS   .COM,Shopping,Sale,-35.70,
03/18/2021,03/19/2021,IN *JUNIPER HILL WATER CO,Bills & Utilities,Sale,-500.00,
03/18/2021,03/19/2021,MACYS   .COM,Shopping,Sale,-18.05,
03/18/2021,03/19/2021,WHOLEFDS WSF#10620,Groceries,Sale,-14.00,
03/18/2021,03/19/2021,MACYS   .COM,Shopping,Sale,-31.99,
03/18/2021,03/19/2021,WHOLEFDS WSF#10620,Groceries,Sale,-54.97,
03/18/2021,03/19/2021,MACYS   .COM,Shopping,Sale,-35.70,
03/16/2021,03/18/2021,HOMEDEPOT.COM,Home,Sale,-132.81,
03/17/2021,03/18/2021,ECOMPANYSTORE,Shopping,Sale,-53.13,
03/16/2021,03/18/2021,SHAWS OSCO 2584,Groceries,Sale,-61.91,
03/16/2021,03/17/2021,LLBEAN-DIRECT,Shopping,Sale,-54.95,
03/16/2021,03/17/2021,SAGER ANIMAL HOSPITAL INC,Personal,Sale,-108.54,
03/15/2021,03/17/2021,EXXONMOBIL    97442933,Gas,Sale,-29.43,
03/14/2021,03/16/2021,SHAWS OSCO 2584,Groceries,Sale,-41.37,
03/14/2021,03/15/2021,AUBUCHON HARDWARE,Home,Sale,-17.39,
03/13/2021,03/15/2021,TWIN SEAFOOD,Groceries,Sale,-91.15,
03/13/2021,03/15/2021,WNYC/WQXR/NJPR/NYPR RADIO,Gifts & Donations,Sale,-5.00,
03/11/2021,03/14/2021,SHAWS OSCO 2584,Groceries,Sale,-150.95,
03/13/2021,03/14/2021,STP&amp;SHPFUEL0489,Gas,Sale,-30.09,
03/13/2021,03/14/2021,STOP &amp; SHOP 0546,Groceries,Sale,-11.79,
03/13/2021,03/14/2021,STP&amp;SHPFUEL0489,Gas,Sale,-42.59,
03/12/2021,03/14/2021,USPS PO 2479390775,Shopping,Sale,-7.95,
03/12/2021,03/14/2021,Steam Purchase,Entertainment,Sale,-21.24,
03/12/2021,03/14/2021,LINKEDIN-620*9554213,Bills & Utilities,Sale,-31.86,
03/11/2021,03/12/2021,LLBEAN-DIRECT,Shopping,Sale,-94.94,
03/11/2021,03/11/2021,Payment Thank You - Bill,,Payment,4172.72,
03/10/2021,03/11/2021,Microsoft*OneDrive Standa,Bills & Utilities,Sale,-1.99,
03/09/2021,03/10/2021,EVVIVA TRATTORIA MAYNARD,Food & Drink,Sale,-65.17,
03/09/2021,03/10/2021,110 GRILL MAYNARD,Food & Drink,Sale,-21.98,
03/09/2021,03/09/2021,TARGET.COM  *,Shopping,Sale,-100.00,
03/06/2021,03/08/2021,SHAWS OSCO 2584,Groceries,Sale,-64.17,
03/04/2021,03/07/2021,1 800 PETMEDS,Personal,Sale,-45.97,
03/06/2021,03/07/2021,AUBUCHON HARDWARE,Home,Sale,-16.99,
03/06/2021,03/07/2021,RED GINGER,Food & Drink,Sale,-57.92,
03/03/2021,03/05/2021,BURGER KING #3502  Q07,Food & Drink,Sale,-20.83,
03/03/2021,03/05/2021,EXXONMOBIL    98708092,Gas,Sale,-24.32,
03/04/2021,03/05/2021,AMZN Mktp US*G315S0UK3,Shopping,Sale,-74.26,
03/02/2021,03/04/2021,SHAWS OSCO 2584,Groceries,Sale,-171.14,
03/03/2021,03/04/2021,Monthly donation to Wikim,Gifts & Donations,Sale,-5.35,
03/02/2021,03/03/2021,STOP &amp; SHOP 0546,Groceries,Sale,-8.90,
03/02/2021,03/03/2021,AMZN Mktp US*KL4R40IW3,Shopping,Sale,-29.75,
03/02/2021,03/03/2021,STOP &amp; SHOP 0546,Groceries,Sale,-20.66,
03/02/2021,03/03/2021,INNOVATIONS HAIR SAL,Personal,Sale,-76.00,
02/28/2021,03/02/2021,EXXONMOBIL    99560534,Gas,Sale,-40.50,
02/27/2021,03/01/2021,INTERNET CHESS CLUB  INC.,Gifts & Donations,Sale,-49.45,
02/27/2021,03/01/2021,SHAWS OSCO 2584,Groceries,Sale,-79.48,
02/27/2021,03/01/2021,SHAWS OSCO 2584,Groceries,Sale,-72.71,
02/28/2021,03/01/2021,STOP &amp; SHOP 0546,Groceries,Sale,-9.48,
02/28/2021,03/01/2021,RESTAURANT YAMAGUCHI,Food & Drink,Sale,-51.06,
